query,label,topic
check   longest increasing subsequence,DSA,longest increasing subsequence
real world use cases  integration tests  rest api,Backend,integration tests for REST API
api gateway interview questions,Backend,API gateway
difference  swift protocols  related concepts,Programming Language,Swift protocols
   write javascript destructuring correctly,Programming Language,JavaScript destructuring
real nbsp world use cases  resnet,ML/AI,ResNet
  learn ctf challenges   security career,Cyber Security,CTF challenges
common errors  rust traits,Programming Language,Rust traits
pllease idempotency keys tutorial  beginners   college project ,Backend,idempotency keys
notes  patttern matching  languages  2026,Programming Language,pattern matching in languages
 someone explain sql injction   example,Cyber Security,SQL injection
 strructured logging  working   server ,Backend,structured logging
prims algorithm example,DSA,Prim's algorithm
 someone explain usememo  usecallback   example ,Frontend,useMemo and useCallback
gradient boosting gives poor accuracy   improve,ML/AI,gradient boosting
  lern burp suite,Cyber Security,Burp Suite
counting sort cheat sheet,DSA,counting sort
 difference  decision trees  related concepts,ML/AI,decision trees
hey   defend  trojan horses,Cyber Security,trojan horses
 help  understand prisma schema,Backend,Prisma schema
check l1  l2 regularization example,ML/AI,L1 and L2 regularization
notes  gunicorn workers  code,Backend,gunicorn workers
vishing  smishing step   step guide,Cyber Security,vishing and smishing
  learn jwt authentication,Backend,JWT authentication
explain ids vs ips,Cyber Security,IDS vs IPS
progressive web apps cheat sheet plz help,Frontend,progressive web apps
bias  fairness  ai step  step guide,ML/AI,bias and fairness in AI
  redis pub sub work asap,Backend,Redis pub sub
  build  clean ui  reeact suspense,Frontend,React Suspense
need help   defend  arp poisoning,Cyber Security,ARP poisoning
 hello nestjs modules interview questions,Backend,NestJS modules
   feature scaling important ,ML/AI,feature scaling
explain semantic search  embeddings,ML/AI,semantic search with embeddings
hi explain python lambda functions  2026 ,Programming Language,Python lambda functions
 hey   speech recognition work ,ML/AI,speech recognition
 someone explain sandbox analysis   example,Cyber Security,sandbox analysis
  confused  python dataclasses,Programming Language,Python dataclasses
ntoes  zustand state management ,Frontend,Zustand state management
  c function pointers important ,Programming Language,C function pointers
give   roadmap  master lru cache design,DSA,LRU cache design
  serialize  deserialize  tree work see,DSA,serialize and deserialize a tree
 hierarchical clustering explained  simple words,ML/AI,hierarchical clustering
check  someone explain spring boot controllers   example,Backend,Spring Boot controllers
implement longest increasing subsequence  python,DSA,longest increasing subsequence
pls give   radmap  master diffusion models  beginners,ML/AI,diffusion models
  typescript unin types   college project,Programming Language,TypeScript union types
space  time analysis  strnogly connected components please,DSA,strongly connected components
   confused  leaked secrets  git  beginners,Cyber Security,leaked secrets in git
difference  diffusion models  related concepts  interview prep,ML/AI,diffusion models
 help  understand eslint rules  react  beginners ,Frontend,ESLint rules for React
react useeffect cleanup interview questions,Frontend,React useEffect cleanup
 difference  handling missing values  related concepts see,ML/AI,handling missing values
common mistakes  c++ lambda expressions,Programming Language,C++ lambda expressions
l1  l2 regularization gives poor accuracy   improve,ML/AI,L1 and L2 regularization
 library   use  bagging  boosting source,ML/AI,bagging and boosting
help  understand  burp suite,Cyber Security,Burp Suite
  batch size  epochs work,ML/AI,batch size and epochs
quick sort step  step guide,DSA,quick sort
  confused   api keys,Backend,API keys
spear phishing exlained  simple words   beginners,Cyber Security,spear phishing
 css container queries tutorial  beginners,Frontend,CSS container queries
  build  clean ui  objectfit property   college project,Frontend,object-fit property
need help evil twin attack tutorial  beginners,Cyber Security,evil twin attack
subarray sum equals k interview questions see,DSA,subarray sum equals k
need help   backpropagation work ,ML/AI,backpropagation
check    confused abut softmax ,ML/AI,softmax
urgent  someone explain pytorch training loop   example,ML/AI,PyTorch training loop
  confused  tree shaking,Frontend,tree shaking
need help c delegates  events example,Programming Language,C# delegates and events
check pytorch training loop cheat sheet ,ML/AI,PyTorch training loop
   defend  kali linux tools ,Cyber Security,Kali Linux tools
notes  format string  vulnerabilities see,Cyber Security,format string vulnerabilities
urgent help  understand pattern matching  languages,Programming Language,pattern matching in languages
explain fastapi dependency ijection plz help ,Backend,FastAPI dependency injection
check difference  soc 2 audit  related concepts,Cyber Security,SOC 2 audit
common mistakes  generics vs templates  code see,Programming Language,generics vs templates
notes  environment variables config,Backend,environment variables config
zustand state management step  step giude,Frontend,Zustand state management
need help help  understand transactional email service,Backend,transactional email service
nbspnbspgive   roadmap  master java records,Programming Language,Java records
 quick question  someone explain bellman ford algorithm   example asap ,DSA,Bellman Ford algorithm
  store user passwords securely  database ,Backend,handwritten
difference  lighthouse performance score  related concepts  beginners ,Frontend,Lighthouse performance score
  confused  min heap vs max heap  code,DSA,min heap vs max heap
common mistakes  error handling middleware,Backend,error handling middleware
difference  ids vs ips  related concepts ,Cyber Security,IDS vs IPS
quick question api response caching interview questions ,Backend,API response caching
  javascript promises,Programming Language,JavaScript promises
  ssrf vulnerabilities work  2026,Cyber Security,SSRF vulnerabilities
  python fstrings work,Programming Language,Python f-strings
  learn environment variables config,Backend,environment variables config
  ethical hacking work ,Cyber Security,ethical hacking
model deployment example  code,ML/AI,model deployment
react app showing blank white page  build,Frontend,handwritten
quick question explain drag  drop ui source,Frontend,drag and drop UI
  learn typescript props  react  beginners,Frontend,TypeScript props in React
real world use cases  hamburger menu ,Frontend,hamburger menu
check  please  someone explain fenwick tree   example ,DSA,Fenwick tree
 connection timeout errors exlained  simple words,Backend,connection timeout errors
batch normalization explained  simple words,ML/AI,batch normalization
setting  multipart form data   api,Backend,multipart form data
implement quick sort  java  interview prep ,DSA,quick sort
  learn shadow  dom,Frontend,shadow DOM
urgent transfer learning tutorial  beginners,ML/AI,transfer learning
real world use cases  binary search tree insertion ,DSA,binary search tree insertion
check haskell monads step  step guide,Programming Language,Haskell monads
implement coin change problem  c++ ,DSA,coin change problem
notes  nodejs event loop,Backend,Node.js event loop
help  understand astro islands,Frontend,Astro islands
  c++ multiple inheritance work,Programming Language,C++ multiple inheritance
please celery background  jobs  working   server,Backend,Celery background jobs
 bro give   roadmap  master shadow dom ,Frontend,shadow DOM
urgent   confused  vite hot module replacement,Frontend,Vite hot module replacement
   space complexity important,DSA,space complexity
  prop drilling important,Frontend,prop drilling
 someone explain php namespaces   example  code,Programming Language,PHP namespaces
 someone explain computer vision   example,ML/AI,computer vision
explain mobile app security testing,Cyber Security,mobile app security testing
 help  understand zero trust architecture,Cyber Security,zero trust architecture
  start learning ethical hacking  scratch,Cyber Security,handwritten
hello explain digital forensics,Cyber Security,digital forensics
nbspnbsphelp  understand saga pattern ,Backend,saga pattern
grouping anagrams step  step guide,DSA,grouping anagrams
xxe injection cheat sheet,Cyber Security,XXE injection
hey unit testing api endpoints cheat sheet,Backend,unit testing API endpoints
 weight initialization example,ML/AI,weight initialization
pls common mistakes  long polling,Backend,long polling
  confused  hierarchical clustering,ML/AI,hierarchical clustering
bestnbspnbsppractices  string formatting asap,Programming Language,string formatting
quick question best practices  java checked exceptions see,Programming Language,Java checked exceptions
time complexity  hash  table collision handling  interview prep,DSA,hash table collision handling
train test split explained  simple words ,ML/AI,train test split
  scale pagination  apis  production,Backend,pagination in APIs
best practces  wpa2 wireless attacks ,Cyber Security,WPA2 wireless attacks
 leetcode problems  grouping anagrams ,DSA,grouping anagrams
  implement saga pattern   backend service,Backend,saga pattern
  confused  bipartite graph check,DSA,bipartite graph check
hi give   roadmap  master path traversal,Cyber Security,path traversal
transformers interview questions  2026,ML/AI,transformers
help  understand c malloc  free,Programming Language,C malloc and free
  apply natural language processing   dataset  hindi,ML/AI,natural language processing
  defedn  subdomain takeover ,Cyber Security,subdomain takeover
bro  someone explain angular dependency injection   example see,Frontend,Angular dependency injection
 lowest common ancestor interview questions please  source,DSA,lowest common ancestor
common errors  pass   value vs pass  reference,Programming Language,pass by value vs pass by reference
bro phishing attacks real attack scenario,Cyber Security,phishing attacks
common mistakes  iot device security,Cyber Security,IoT device security
hi   connection pooling work ,Backend,connection pooling
union find cheat sheet,DSA,union find
  build  clean ui  infinite scroll ,Frontend,infinite scroll
best practices  rem vs em units  code,Frontend,rem vs em units
  change navbar color  scroll,Frontend,handwritten
nbsp  time complexity  median   data stream ,DSA,median of a data stream
  aria roles important source,Frontend,ARIA roles
  arrays important,DSA,arrays
real world use cases  wireshark packet analysis ,Cyber Security,Wireshark packet analysis
 someone explain position sticky   example  source,Frontend,position sticky
bro help  understand hamburger menu,Frontend,hamburger menu
leetcode problems  travelling salesman problem see,DSA,travelling salesman problem
pls  someone explain html tables styling   example,Frontend,HTML tables styling
  handle 10k requests per second   single server,Backend,handwritten
please explain selection sort see,DSA,selection sort
   longest common subsequence important ,DSA,longest common subsequence
check viewport units explained  simple words  hindi,Frontend,viewport units
 implement level order traversal  python ,DSA,level order traversal
 nbsp c++ operator overloading code example,Programming Language,C++ operator overloading
pytorch training loop example ,ML/AI,PyTorch training loop
api keys explained  simple words,Backend,API keys
api throttlinng example,Backend,API throttling
  confused   typescript generics,Programming Language,TypeScript generics
hi best practices  dockerizing  backend app ,Backend,Dockerizing a backend app
 difference  api versioning  related concepts ,Backend,API versioning
  learn sha256 hashing,Cyber Security,SHA-256 hashing
debounce  search input tutorial  beginners,Frontend,debounce on search input
realnbspworld use cases  nextjs image component,Frontend,Next.js image component
 someone explain typescript props  react   example ,Frontend,TypeScript props in React
error handling middleware interview questions,Backend,error handling middleware
  learn css sprites ,Frontend,CSS sprites
pls help  understand topological sort ,DSA,topological sort
 help  understand zindex stacking contetx  code,Frontend,z-index stacking context
help  understand multithreading  languages,Programming Language,multithreading in languages
  gneerics vs templates work,Programming Language,generics vs templates
explain kruskals algorithm,DSA,Kruskal's algorithm
check   css sprites,Frontend,CSS sprites
web vitals optimization  working properly ,Frontend,Web Vitals optimization
explan transactional email service,Backend,transactional email service
   confused abot cqrs pattern,Backend,CQRS pattern
 real world use cases  floyd warshall ,DSA,Floyd Warshall
  build   clean ui  dark mode toggle,Frontend,dark mode toggle
hey real world use cases  steganography,Cyber Security,steganography
 help  understand python slicing,Programming Language,Python slicing
   rabbitmq message queues important ,Backend,RabbitMQ message queues
give   roadmap  master mlflow experiment tracking,ML/AI,MLflow experiment tracking
pls implement bellman ford algorithm  java,DSA,Bellman Ford algorithm
help  understand sql vs nosql   backend,Backend,SQL vs NoSQL for a backend
grid search gives poor accuracy   improve see,ML/AI,grid search
hownbspdoes cron jobs work  hindi,Backend,cron jobs
dry run  big  notation,DSA,Big O notation
check usememo  usecallback example,Frontend,useMemo and useCallback
help  understand clean architecture thanks ,Backend,clean architecture
security log analysis tutorial  beginners,Cyber Security,security log analysis
implement dijkstras algorithm  c++,DSA,Dijkstra's algorithm
pls   defend  broken authentication ,Cyber Security,broken authentication
explain prop drilling,Frontend,prop drilling
  implement useref hook   website ,Frontend,useRef hook
urgent real world use cases  java garbage collection ,Programming Language,Java garbage collection
   confused  css reset  hindi ,Frontend,CSS reset
difference  c++ stl containers  related concepts see,Programming Language,C++ STL containers
sir give   roadmap  master skeleton loading screen ,Frontend,skeleton loading screen
explain responsive navbar,Frontend,responsive navbar
 iam least privilege example,Cyber Security,IAM least privilege
   stacking ensembles important  source,ML/AI,stacking ensembles
  implement circuit breaker pattern   backend service,Backend,circuit breaker pattern
 hi tls handshake real attack scenario ,Cyber Security,TLS handshake
difference   java memory model  related concepts,Programming Language,Java memory model
astro islands cheat sheet  code ,Frontend,Astro islands
  css animations work  interview prep see,Frontend,CSS animations
explain error handling middleware  source,Backend,error handling middleware
check urgent explain neural networks,ML/AI,neural networks
best practices  c++ constexpr,Programming Language,C++ constexpr
best practices  ruby modules  mixins plz help,Programming Language,Ruby modules and mixins
explain coin change  problem,DSA,coin change problem
hello implement binary search  java,DSA,binary search
notes  kotlin coroutines,Programming Language,Kotlin coroutines
real world use cases  swift optionals   college project see,Programming Language,Swift optionals
explain string reversal,DSA,string reversal
  prefix sum important ,DSA,prefix sum
hey   learn prop drilling  detail ,Frontend,prop drilling
common mistakes  angular dependency injection,Frontend,Angular dependency injection
zustand state management  working  properly,Frontend,Zustand state management
common errors  python metaclasses,Programming Language,Python metaclasses
urgent explain rabbitmq message queues ,Backend,RabbitMQ message queues
hownbsp  queue using stacks work  2026,DSA,queue using stacks
bulk insert tutorial  beginners see,Backend,bulk insert
   c++ smart pointers important source,Programming Language,C++ smart pointers
need  help 01 knapsack interview questions,DSA,0/1 knapsack
help  understand kafka  consumers  interview prep,Backend,Kafka consumers
help  understand celery background jobs  interview prep ,Backend,Celery background jobs
hownbspto learn fetch api   browser,Frontend,fetch API in the browser
real world  use cases  health check endpoints,Backend,health check endpoints
haskell monads  code example,Programming Language,Haskell monads
  relu ,ML/AI,ReLU
explain lowest common ancestor,DSA,lowest common ancestor
responsive images srcset explained  simple words  beginners ,Frontend,responsive images srcset
 someone explain context window  tokens   example   college project,ML/AI,context window and tokens
urgent   swift protocols,Programming Language,Swift protocols
difference  tls handshake  related concepts source,Cyber Security,TLS handshake
bro kmp string matching step  step guide,DSA,KMP string matching
tree shaking example  source,Frontend,tree shaking
  error boundaries important,Frontend,error boundaries
pass  vaalue vs pass  reference code example ,Programming Language,pass by value vs pass by reference
position sticky step  step guide asap,Frontend,position sticky
   confused  garbage collection  languages,Programming Language,garbage collection in languages
nbspi  confused  api security see,Cyber Security,API security
check quick question learning rate scheduling step  step guide,ML/AI,learning rate scheduling
real world use cases  typescript union types  detail ,Programming Language,TypeScript union types
 best practices  deploying node app  ec2  code,Backend,deploying Node app on EC2
 hey bem naming convention example,Frontend,BEM naming convention
check find shortest path   grid  obstacles,DSA,handwritten
give   roadmap  master random forest,ML/AI,random forest
  gradient boosting work,ML/AI,gradient boosting
 rust borrow checker tutorial  beginners ,Programming Language,Rust borrow checker
nbspnbspplease give   roadmap  master image carousel   college project source,Frontend,image carousel
  learn etag headers  see,Backend,ETag headers
  api versioning see,Backend,API versioning
give   roadmap  master packet sniffing ,Cyber Security,packet sniffing
hsts  ethical hacking,Cyber Security,HSTS
bro common errors  object oriented programming principles,Programming Language,object oriented programming principles
best practices  permutations   string,DSA,permutations of a string
sir common mistakes  mobile app security testing ,Cyber Security,mobile app security testing
 angular dependency injection step  step guide,Frontend,Angular dependency injection
space  time analysis  disjoint set union,DSA,disjoint set union
  confused  01 knapsack,DSA,0/1 knapsack
notes  spiral matrix traversal ,DSA,spiral matrix traversal
 real world use cases  horizontal scaling  source,Backend,horizontal scaling
min heap vs max heap interview questions ,DSA,min heap vs max heap
  reverse engineering bnaries,Cyber Security,reverse engineering binaries
diameter  binary tree cheat sheet asap,DSA,diameter of binary tree
check common errors  javascript prototypes,Programming Language,JavaScript prototypes
react usestate hook  working properly,Frontend,React useState hook
realnbsp world use cases  inheritance vs composition,Programming Language,inheritance vs composition
help  understand hydration errors  nextjs ,Frontend,hydration errors in Next.js
   websockets   server important ,Backend,WebSockets on the server
check code splitting step  step guide  detail ,Frontend,code splitting
implement diffusion models  scratch  python thanks,ML/AI,diffusion models
 someone explain port  scanning   example,Cyber Security,port scanning
help  understand cors error  browser console,Frontend,CORS error in browser console
help  understand svg animation ,Frontend,SVG animation
 soeone explain react native styling   example ,Frontend,React Native styling
 environment variables config tutorial  beginners,Backend,environment variables config
bias  fairness  ai explained  simple words,ML/AI,bias and fairness in AI
javascript promises code example ,Programming Language,JavaScript promises
  someone explain dockerizing  backend app   example ,Backend,Dockerizing a backend app
hey common mistakes  dart futures  streams,Programming Language,Dart futures and streams
  scale circuit breaker pattern  production,Backend,circuit breaker pattern
sequelize models  working   server,Backend,Sequelize models
  implement django orm   backend service ,Backend,Django ORM
quick question difference  graph dfs  related concepts,DSA,graph DFS
 someone explain circular linked list   example  beginners,DSA,circular linked list
urgent train test split example  code,ML/AI,train test split
common errors  rust borrow checker ,Programming Language,Rust borrow checker
bro dropout tutorial  beginners,ML/AI,dropout
  learn red black tree ,DSA,red black tree
edr solutions cheat sheet,Cyber Security,EDR solutions
  learn heap exploitation please,Cyber Security,heap exploitation
pls wpa2 wireless attacks cheat sheet,Cyber Security,WPA2 wireless attacks
data leakage example,ML/AI,data leakage
sir file upload handling cheat sheet,Backend,file upload handling
real world use cases  javascript hoisting,Programming Language,JavaScript hoisting
need help   nodejs event loop important ,Backend,Node.js event loop
  css reset,Frontend,CSS reset
svg animation tutorial  beginners  detail,Frontend,SVG animation
big  notation cheat sheet  see,DSA,Big O notation
urgent   confused  counting sort,DSA,counting sort
ruby  rails routing tutorial  beginners,Backend,Ruby on Rails routing
difference  bias  fairness  ai  related concepts,ML/AI,bias and fairness in AI
 someone explain immutability   example thanks,Programming Language,immutability
  someone explain dark mode toggle   example ,Frontend,dark mode toggle
bert fine tuning step  step guide,ML/AI,BERT fine tuning
common mistakes  connection poling,Backend,connection pooling
  confusd  mysql slow queries,Backend,MySQL slow queries
hey common mistakes  multi armed bandit,ML/AI,multi armed bandit
  container   water,DSA,container with most water
check need help help  understand data leakage please,ML/AI,data leakage
quick  question explain race condition exploits,Cyber Security,race condition exploits
real world use cases  trojan horses,Cyber Security,trojan horses
  defend  vpn security ,Cyber Security,VPN security
urgent one hot encoding explained  simple words,ML/AI,one hot encoding
 hello notes  owasp top 10,Cyber Security,OWASP Top 10
 bert fine tuning cheat sheet,ML/AI,BERT fine tuning
database indexing explained  simple words,Backend,database indexing
  add google fonts   html page ,Frontend,handwritten
please best practices  long polling,Backend,long polling
 nbsp  defend  insecure deserialization  detail,Cyber Security,insecure deserialization
  someone explain gradient descent   example asap ,ML/AI,gradient descent
hi   defend  data loss prevention plz help,Cyber Security,data loss prevention
quick question   write ruby symbols correctly ,Programming Language,Ruby symbols
 sqlmap interview questions ,Cyber Security,sqlmap
bro best practices  serialize  deserrialize  tree,DSA,serialize and deserialize a tree
form validation  react cheat sheet,Frontend,form validation in React
   learn pagination  apis ,Backend,pagination in APIs
implementnbspnbsptensorflow  keras  scratch  python please,ML/AI,TensorFlow and Keras
multi factor authentication cheat sheet,Cyber Security,multi factor authentication
help  understand hash map implementation,DSA,hash map implementation
check time complexity  fenwick tree,DSA,Fenwick tree
implement sliding window technique  java,DSA,sliding window technique
overflow hidden  working properly,Frontend,overflow hidden
  someone explain database normalization   example,Backend,database normalization
help  understand next greater element ,DSA,next greater element
masternbspnbsptheorem example,DSA,master theorem
«session vs token authentication  working   server  2026»,Backend,session vs token authentication
check  difference  priority queue  heap  related concepts ,DSA,priority queue and heap
 rlhf interview questions  detail source,ML/AI,RLHF
help  understand javascript destructuring,Programming Language,JavaScript destructuring
give   roadmap  master monotonic stack  code,DSA,monotonic stack
hey java enums interview questions,Programming Language,Java enums
common mistakes  prometheus monitoring ,Backend,Prometheus monitoring
pls help  understand nessus vulnerability scanning ,Cyber Security,Nessus vulnerability scanning
urgent   build  clean ui  css transitions ,Frontend,CSS transitions
need help   learn software supply chain attacks   security career,Cyber Security,software supply chain attacks
notes  css custom properties  short ,Frontend,CSS custom properties
css animations  working properly,Frontend,CSS animations
  go defer statement important,Programming Language,Go defer statement
common errors  php namespaces  source,Programming Language,PHP namespaces
 nbsp  learn immutability,Programming Language,immutability
real world use cases  session hijacking  code see,Cyber Security,session hijacking
 bro   confused  vanishing gradient problem,ML/AI,vanishing gradient problem
kubernetesnbspdeployment   api step  step guide source,Backend,Kubernetes deployment for an API
dividenbspand conquer example,DSA,divide and conquer
  go gin framework ,Backend,Go Gin framework
explain chrome extension popup ui ,Frontend,Chrome extension popup UI
centering  div cheat sheet,Frontend,centering a div
real world use cases  model deployment,ML/AI,model deployment
urgent common mistakes  avl tree rotations  hindi,DSA,AVL tree rotations
c linq tutorial  beginners,Programming Language,C# LINQ
 aspnet core web api cheat sheet asap  see,Backend,ASP.NET Core web API
notes  exception handling syntax,Programming Language,exception handling syntax
real world use cases  connection timeout errors,Backend,connection timeout errors
top k frequent elements explained  simple words,DSA,top k frequent elements
  kotlin coroutines important,Programming Language,Kotlin coroutines
pls   model quantization important,ML/AI,model quantization
  defend  kubernetes security ,Cyber Security,Kubernetes security
 common mistakes  radix sort please ,DSA,radix sort
  red team vs blue team work   college project,Cyber Security,red team vs blue team
 java equals  hashcode tutorial  beginners,Programming Language,Java equals and hashCode
real world use cases  react usestate hook,Frontend,React useState hook
please real world use cases  digital forensics plz help,Cyber Security,digital forensics
check  difference  incident response  related concepts,Cyber Security,incident response
python dataclasses step  step guide,Programming Language,Python dataclasses
urgent common mistakes  spring boot controllers  short ,Backend,Spring Boot controllers
dom event bubbling cheat sheet,Frontend,DOM event bubbling
kruskals algorithm cheat sheet ,DSA,Kruskal's algorithm
   confused  circular linked list ,DSA,circular linked list
bro n+1 query problem step  step guide,Backend,N+1 query problem
leetcode problems  floyd warshall  2026,DSA,Floyd Warshall
web components tutorial  beginners  short,Frontend,Web Components
java records cheat sheet  interview prep,Programming Language,Java records
nuxtjs routing  working properly,Frontend,Nuxt.js routing
   binary lifting important,DSA,binary lifting
viewport units cheat sheet,Frontend,viewport units
bro cors configuration   server example ,Backend,CORS configuration on the server
check   apply semantic search  embeddins   dataset,ML/AI,semantic search with embeddings
   build  clean ui  vue 3 composition api,Frontend,Vue 3 composition API
 someone explain merge intervals   example,DSA,merge intervals
cannbspnbspsomeone explain backtracking sudoku solver   example,DSA,backtracking sudoku solver
check    gunicorn workers important ,Backend,gunicorn workers
difference  css reset  related concepts  short,Frontend,CSS reset
please html canvas  working properly,Frontend,HTML canvas
cannbspnbspsomeone explain pattern matching  languages   example,Programming Language,pattern matching in languages
implement min heap vs max heap  java,DSA,min heap vs max heap
  implement optimistic locking   backend service,Backend,optimistic locking
best practices   database deadlocks  short see,Backend,database deadlocks
   difference  let  var,Programming Language,handwritten
hello   nodejs event loop work,Backend,Node.js event loop
quick question clickjacking  ethical hacking ,Cyber Security,clickjacking
 bro elixir pattern matching code example ,Programming Language,Elixir pattern matching
bro disjoint set union explained  simple words,DSA,disjoint set union
common  mistakes  integration tetss  rest api,Backend,integration tests for REST API
common mistakes  policy gradient methods,ML/AI,policy gradient methods
balanced binary tree checck example  hindi source,DSA,balanced binary tree check
help  understand insider threats,Cyber Security,insider threats
sir   build  clean ui  nextjs server components ,Frontend,Next.js server components
check elasticsearch search step  step guie  2026,Backend,Elasticsearch search
pleasenbspnbsptypescript interfaces vs types interview questions,Programming Language,TypeScript interfaces vs types
  learn antivirus evasion   security career,Cyber Security,antivirus evasion
space  time analysis  modular exponentiation,DSA,modular exponentiation
 someone explain backend   chat app   example,Backend,backend for a chat app
explain zindex stacking context ,Frontend,z-index stacking context
file upload handlnig interview questions,Backend,file upload handling
help  understand lightgbm ,ML/AI,LightGBM
  learn svm kernels,ML/AI,SVM kernels
explain c++ lambda expressions,Programming Language,C++ lambda expressions
hello   session hijacking   college project ,Cyber Security,session hijacking
difference  database normalization  related concepts ,Backend,database normalization
perl regular expressions example,Programming Language,Perl regular expressions
check python metaclasses example,Programming Language,Python metaclasses
  number  islands work,DSA,number of islands
  write ruby blocks  procs correctly plz help ,Programming Language,Ruby blocks and procs
  course schedule problem   college project,DSA,course schedule problem
   learn hallucination  llms,ML/AI,hallucination in LLMs
common  errors  javascript destructuring,Programming Language,JavaScript destructuring
rainbow tables  ethical hacking,Cyber Security,rainbow tables
api gateway explained  simple words,Backend,API gateway
real world use cases  activation functions,ML/AI,activation functions
urgent   build  clean ui  intersection observer api,Frontend,Intersection Observer API
arima time series forecasting explained  simple words source,ML/AI,ARIMA time series forecasting
cicdnbspnbsp pipeline  backend explained  simple words ,Backend,CI/CD pipeline for backend
notes   cicd pipeline  backend,Backend,CI/CD pipeline for backend
notes  code splitting,Frontend,code splitting
code splitting cheat sheet  2026,Frontend,code splitting
check  common mistakes  viewport units  dettail ,Frontend,viewport units
cannbspsomeone explain iot device security   example ,Cyber Security,IoT device security
best practices  grpc services,Backend,gRPC services
databasenbspnbspsharding example,Backend,database sharding
 async await  server code interview questions   college project ,Backend,async await in server code
please   scale mongodb aggregation pipeline  production  detail,Backend,MongoDB aggregation pipeline
vite hot module  replacement tutorial  beginners,Frontend,Vite hot module replacement
hi real world use cases  environment variables config,Backend,environment variables config
notes  circular linked list  begnners,DSA,circular linked list
common mistakes  go channels  source,Programming Language,Go channels
  python fstrings important ,Programming Language,Python f-strings
bro   implement event sourcing   backend service plz help,Backend,event sourcing
implement trapping rain water  java ,DSA,trapping rain water
query optimization step  step guide  interview prep,Backend,query optimization
 common mistakes  cors error  browser console ,Frontend,CORS error in browser console
best practices  john  ripper,Cyber Security,John the Ripper
 someone explain openapi specification   example,Backend,OpenAPI specification
   detect loop  linked list ,DSA,handwritten
space complexity tutroial  beginners,DSA,space complexity
 implement lowest common ancestor  python ,DSA,lowest common ancestor
 backdropfilter blur  working properly,Frontend,backdrop-filter blur
 difference  stripe payment integration  related concepts  beginners ,Backend,Stripe payment integration
give   roadmp  master variational autoencoders,ML/AI,variational autoencoders
  write syntax differences  python  java correctly,Programming Language,syntax differences between Python and Java
convolutional neural networks tutorial  beginners,ML/AI,convolutional neural networks
check notes  race condition exploits,Cyber Security,race condition exploits
urgent   learn automl asap,ML/AI,AutoML
   morris traversal important ,DSA,Morris traversal
space  time analysis  01 knapsack ,DSA,0/1 knapsack
hello help  understand imbalanced datasets  smote ,ML/AI,imbalanced datasets with SMOTE
implementnbspsubset generation  c++ ,DSA,subset generation
real world use cases  python mutable default arguments,Programming Language,Python mutable default arguments
   defend  firewall rules ,Cyber Security,firewall rules
 notes  subdomain takeover ,Cyber Security,subdomain takeover
check give   roadmap  master python decorators,Programming Language,Python decorators
give   roadmap  master database sharding,Backend,database sharding
please give   roadmap  master cve  cvss scoring,Cyber Security,CVE and CVSS scoring
need help diference  nuxtjs routing  related concepts  beginners,Frontend,Nuxt.js routing
gpt models step  step guide please ,ML/AI,GPT models
bro  implement kruskals algorithm  python,DSA,Kruskal's algorithm
  ethical hacking important,Cyber Security,ethical hacking
gadient boosting tutorial  beginners,ML/AI,gradient boosting
  database migrations important,Backend,database migrations
rust enums  pattern  matching tutorial  beginners  detail source,Programming Language,Rust enums and pattern matching
java lambda expressions interview questions ,Programming Language,Java lambda expressions
give nbsp   roadmap  master red team vs  blue team,Cyber Security,red team vs blue team
quick question real world use cases  fastapi dependency injection,Backend,FastAPI dependency injection
  apply context window  tokens   dataset,ML/AI,context window and tokens
multi factor authentication tutorial  beginners ,Cyber Security,multi factor authentication
dnsnbspnbspspoofing  ethical hacking,Cyber Security,DNS spoofing
